<?xml version="1.0" encoding="UTF-8"?>
<!DOCTYPE mapper PUBLIC "-//mybatis.org//DTD Mapper 3.0//EN" "http://mybatis.org/dtd/mybatis-3-mapper.dtd">
<mapper namespace="com.mbp.example.mapper.SchedulesMapper">
    <select id="findSchedulesVo" resultType="com.mbp.example.vo.SchedulesVo">
		SELECT
			schedules.ScheduleID,
			schedules.RemainQuantity,
			schedules.UpperQuantity,
			projects.ProjectTitle,
			subjects.SubjectTitle,
			schedules.StartTime,
			schedules.EndTime,
			schedules.LabID,
			schedules.TeacherID,
			projects.ProjectID,
			subjects.SubjectID
		FROM
			projects,
			schedules,
			subjects
		WHERE
			schedules.IsReleased = 1
		AND schedules.RemainQuantity > 0
		AND subjects.ProjectID = projects.ProjectID
		AND subjects.SubjectID = schedules.SubjectID
		ORDER BY
			StartTime
	</select>
    <select id="findSchedulesVoById" resultType="com.mbp.example.vo.SchedulesVo">
		SELECT
			schedules.ScheduleID,
			schedules.RemainQuantity,
			schedules.UpperQuantity,
			projects.ProjectTitle,
			subjects.SubjectTitle,
			schedules.StartTime,
			schedules.EndTime,
			schedules.LabID,
			schedules.TeacherID,
			projects.ProjectID,
			subjects.SubjectID
		FROM
			projects,
			schedules,
			subjects
		WHERE
			schedules.ScheduleID = #{scheduleID}
		AND schedules.IsReleased = 1
		AND schedules.IsReleased = 1
		AND subjects.ProjectID = projects.ProjectID
		AND subjects.SubjectID = schedules.SubjectID
	</select>
    <select id="findBookVoByCheck" resultType="com.mbp.example.vo.BookVo">
		SELECT
			bookings.BookingID,
			bookings.StudentNO,
			schedules.ScheduleID,
			projects.ProjectTitle,
			subjects.SubjectTitle,
			schedules.StartTime,
			schedules.EndTime,
			schedules.LabID,
			schedules.TeacherID,
			projects.ProjectID,
			subjects.SubjectID,
			bookings.BookingStatus
		FROM
			bookings,
			schedules,
			projects,
			subjects
		WHERE
			bookings.StudentNO = #{userId}
		AND bookings.ScheduleID = schedules.ScheduleID
		AND subjects.ProjectID = projects.ProjectID
		AND subjects.SubjectID = schedules.SubjectID
		ORDER BY
	StartTime
	</select>
    <select id="findBookVoByEdit" resultType="com.mbp.example.vo.BookVo">
		SELECT
			bookings.BookingID,
			bookings.StudentNO,
			schedules.ScheduleID,
			projects.ProjectTitle,
			subjects.SubjectTitle,
			schedules.StartTime,
			schedules.EndTime,
			schedules.LabID,
			schedules.TeacherID,
			projects.ProjectID,
			subjects.SubjectID,
			bookings.BookingStatus
		FROM
			bookings,
			schedules,
			projects,
			subjects
		WHERE
			bookings.StudentNO = #{userId}
		AND bookings.BookingStatus = 1
		AND bookings.ScheduleID = schedules.ScheduleID
		AND subjects.ProjectID = projects.ProjectID
		AND subjects.SubjectID = schedules.SubjectID
		ORDER BY
			StartTime
	</select>
</mapper>
