<?xml version="1.0" encoding="UTF-8"?>
<configuration debug="false">
    <!--定义日志文件的存储地址 勿在 LogBack 的配置中使用相对路径-->
    <property name="LOG_HOME" value="D:/logback"/>

    <!-- 控制台输出 -->
    <appender name="stdout" class="ch.qos.logback.core.ConsoleAppender">
        <encoder class="ch.qos.logback.classic.encoder.PatternLayoutEncoder">
            <!--格式化输出：%d表示日期，%thread表示线程名，%-5level：级别从左显示5个字符宽度%msg：日志消息，%n是换行符-->
            <pattern>%d{yyyy-MM-dd HH:mm:ss.SSS} [%thread] %-5level %logger{50} - %msg%n</pattern>
        </encoder>
    </appender>

    <!-- 按照每天生成日志文件 -->
    <appender name="application_file" class="ch.qos.logback.core.rolling.RollingFileAppender">
        <rollingPolicy class="ch.qos.logback.core.rolling.TimeBasedRollingPolicy">
            <!--日志文件输出的文件名-->
            <FileNamePattern>${LOG_HOME}/info/info.log.%d{yyyy-MM-dd}.log</FileNamePattern>
            <!--日志文件保留天数-->
            <MaxHistory>10</MaxHistory>
        </rollingPolicy>
        <encoder class="ch.qos.logback.classic.encoder.PatternLayoutEncoder">
            <!--格式化输出：%d表示日期，%thread表示线程名，%-5level：级别从左显示5个字符宽度%msg：日志消息，%n是换行符-->
            <pattern>%d{yyyy-MM-dd HH:mm:ss.SSS} [%thread] %-5level %logger{50} - %msg%n</pattern>
        </encoder>
        <!--日志文件最大的大小-->
        <triggeringPolicy class="ch.qos.logback.core.rolling.SizeBasedTriggeringPolicy">
            <MaxFileSize>50MB</MaxFileSize>
        </triggeringPolicy>
    </appender>

    <!-- 异常日志文件 -->
    <appender name="error_file" class="ch.qos.logback.core.rolling.RollingFileAppender">
        <rollingPolicy class="ch.qos.logback.core.rolling.TimeBasedRollingPolicy">
            <!--日志文件输出的文件名-->
            <FileNamePattern>${LOG_HOME}/error/error.log.%d{yyyy-MM-dd}.log</FileNamePattern>
            <!--日志文件保留天数-->
            <MaxHistory>10</MaxHistory>
        </rollingPolicy>
        <encoder class="ch.qos.logback.classic.encoder.PatternLayoutEncoder">
            <!--格式化输出：%d表示日期，%thread表示线程名，%-5level：级别从左显示5个字符宽度%msg：日志消息，%n是换行符-->
            <pattern>%d{yyyy-MM-dd HH:mm:ss.SSS} [%thread] %-5level %logger{50} - %msg%n</pattern>
        </encoder>
        <!--日志文件最大的大小-->
        <triggeringPolicy class="ch.qos.logback.core.rolling.SizeBasedTriggeringPolicy">
            <MaxFileSize>50MB</MaxFileSize>
        </triggeringPolicy>
        <!-- 只打印错误日志 -->
        <filter class="ch.qos.logback.classic.filter.LevelFilter">
            <level>error</level>
            <onMatch>ACCEPT</onMatch>
            <onMismatch>DENY</onMismatch>
        </filter>
    </appender>

    <!--连接数据库配置-->
    <appender name="db_classic_mysql_pool" class="ch.qos.logback.classic.db.DBAppender">
        <connectionSource class="ch.qos.logback.core.db.DriverManagerConnectionSource">
            <driverClass>com.mysql.cj.jdbc.Driver</driverClass>
            <url>jdbc:mysql://localhost:3306/example?useSSL=false&amp;useUnicode=true&amp;characterEncoding=UTF-8&amp;serverTimezone=Asia/Shanghai</url>
            <user>root</user>
            <password>root</password>
        </connectionSource>
    </appender>

    <!--<appender name="db_classic_mysql_pool" class="ch.qos.logback.classic.db.DBAppender">-->
        <!--<connectionSource class="ch.qos.logback.core.db.DataSourceConnectionSource">-->
            <!--<dateSource class="com.zaxxer.hikari.HikariDataSource">-->
                <!--<driverClassName>com.mysql.cj.jdbc.Driver</driverClassName>-->
                <!--<url>jdbc:mysql://localhost:3306/example?useSSL=false</url>-->
                <!--<username>root</username>-->
                <!--<password>root</password>-->
            <!--</dateSource>-->
        <!--</connectionSource>-->
    <!--</appender>-->

    <!--<appender name="DB" class="ch.qos.logback.classic.db.DBAppender">-->
    <!--<connectionSource class="ch.qos.logback.core.db.DriverManagerConnectionSource">-->
    <!--<driverClass>com.mysql.cj.jdbc.Driver</driverClass>-->
    <!--<url>jdbc:mysql://localhost:3306/example?serverTimezone=Asia/Shanghai</url>-->
    <!--<user>root</user>-->
    <!--<password>root</password>-->
    <!--</connectionSource>-->
    <!--</appender>-->

    <!--myibatis log configure-->
    <logger name="com.apache.ibatis" level="TRACE"/>
    <logger name="java.sql.Connection" level="DEBUG"/>
    <logger name="java.sql.Statement" level="DEBUG"/>
    <logger name="java.sql.PreparedStatement" level="DEBUG"/>

    <!-- 日志输出级别 -->
    <root level="INFO">
        <appender-ref ref="stdout"/>
        <appender-ref ref="application_file"/>
        <appender-ref ref="error_file"/>
        <appender-ref ref="db_classic_mysql_pool"/>
    </root>

</configuration>