<?xml version="1.0" encoding="UTF-8"?>
<!DOCTYPE mapper PUBLIC "-//mybatis.org//DTD Mapper 3.0//EN" "http://mybatis.org/dtd/mybatis-3-mapper.dtd">
<mapper namespace="com.demo.mapper.SchedulesMapper">
    <select id="findSchedulesVo" resultType="com.demo.pojo.Schedules">
        SELECT
            *
        FROM
            t_schedules
        WHERE
            remainQuantity > 0
        AND isReleased = 1
        and startTime>NOW()
        ORDER BY
            startTime
    </select>
    <select id="findBookVoByCheck" resultType="com.demo.vo.BookVo">
        SELECT
            t_bookings.bookingID,
            t_schedules.scheduleID,
            t_schedules.subjectTitle,
            t_schedules.labAddress,
            t_schedules.teacherName,
            t_schedules.startTime,
            t_schedules.courseTime,
            t_bookings.bookingStatus
        FROM
            t_bookings,
            t_schedules
        WHERE
            t_bookings.studentNO = #{userId}
        AND t_bookings.bookingStatus != 2
        AND t_bookings.scheduleID = t_schedules.scheduleID
        ORDER BY
            t_bookings.bookingStatus,
            t_schedules.startTime
    </select>
    <select id="findBookVoByEdit" resultType="com.demo.vo.BookVo">
        SELECT
            t_bookings.bookingID,
            t_schedules.scheduleID,
            t_schedules.subjectTitle,
            t_schedules.labAddress,
            t_schedules.teacherName,
            t_schedules.startTime,
            t_schedules.courseTime,
            t_bookings.bookingStatus
        FROM
            t_bookings,
            t_schedules
        WHERE
            t_bookings.studentNO = #{userId}
        AND t_bookings.bookingStatus = 1
        AND t_bookings.scheduleID = t_schedules.scheduleID
        AND t_schedules.startTime > NOW()
        ORDER BY
            t_schedules.startTime
    </select>
    <select id="findBookVoBySign" resultType="com.demo.vo.BookVo">
        SELECT
            t_bookings.bookingID,
            t_schedules.scheduleID,
            t_schedules.subjectTitle,
            t_schedules.labAddress,
            t_schedules.teacherName,
            t_schedules.startTime,
            t_bookings.bookingStatus,
            t_bookings.studentNO
        FROM
            t_bookings,
            t_schedules
        WHERE
            t_bookings.bookingStatus = 1
        AND t_bookings.scheduleID = t_schedules.scheduleID
        AND TO_DAYS(NOW()) - TO_DAYS(t_schedules.startTime) BETWEEN 0 and 7
        ORDER BY
            t_schedules.startTime
	</select>
</mapper>
